player_id,name_first,name_last,hand,dob,ioc,height
100644,Alexander,Zverev,R,19970420.0,GER,198.0
102093,Martin,Damm,L,20030930.0,USA,203.0
103499,Aqeel,Khan,R,19800130.0,PAK,
103529,Aisam Ul Haq,Qureshi,R,19800317.0,PAK,183.0
104112,Benjamin,Balleret,R,19830115.0,MON,185.0
104470,Komlavi,Loglo,R,19841230.0,TOG,183.0
104527,Stan,Wawrinka,R,19850328.0,SUI,183.0
104745,Rafael,Nadal,L,19860603.0,ESP,185.0
104755,Richard,Gasquet,R,19860618.0,FRA,183.0
104792,Gael,Monfils,R,19860901.0,FRA,193.0
104898,Robin,Haase,R,19870406.0,NED,191.0
104907,Jose Rubin,Statham,R,19870425.0,NZL,180.0
104918,Andy,Murray,R,19870515.0,GBR,191.0
104925,Novak,Djokovic,R,19870522.0,SRB,188.0
104926,Fabio,Fognini,R,19870524.0,ITA,178.0
105051,Matthew,Ebden,R,19871126.0,AUS,188.0
105062,Mikhail,Kukushkin,R,19871226.0,KAZ,183.0
105077,Albert,Ramos,L,19880117.0,ESP,188.0
105138,Roberto,Bautista Agut,R,19880414.0,ESP,183.0
105173,Adrian,Mannarino,L,19880629.0,FRA,180.0
105227,Marin,Cilic,R,19880928.0,CRO,198.0
105271,Gonzalo,Escobar,L,19890120.0,ECU,178.0
105311,Joao,Sousa,R,19890330.0,POR,185.0
105332,Benoit,Paire,R,19890508.0,FRA,196.0
105430,Radu,Albot,R,19891111.0,MDA,175.0
105449,Steve,Johnson,R,19891224.0,USA,188.0
105453,Kei,Nishikori,R,19891229.0,JPN,178.0
105477,Marco,Trungelliti,R,19900131.0,ARG,178.0
105487,Facundo,Bagnis,L,19900227.0,ARG,183.0
105502,N Sriram,Balaji,R,19900318.0,IND,180.0
105526,Jan Lennard,Struff,R,19900425.0,GER,193.0
105554,Daniel,Evans,R,19900523.0,GBR,175.0
105575,Ricardas,Berankis,R,19900621.0,LTU,175.0
105577,Vasek,Pospisil,R,19900623.0,CAN,193.0
105583,Dusan,Lajovic,R,19900630.0,SRB,183.0
105613,Norbert,Gombos,R,19900813.0,SVK,193.0
105621,Min Kyu,Song,R,19900825.0,KOR,183.0
105633,Mohamed,Safwat,R,19900919.0,EGY,180.0
105656,Marcelo,Arevalo,R,19901017.0,ESA,193.0
105657,Marius,Copil,R,19901017.0,ROU,191.0
105676,David,Goffin,R,19901207.0,BEL,180.0
105683,Milos,Raonic,R,19901227.0,CAN,196.0
105714,Hugo,Nys,R,19910216.0,MON,185.0
105731,Steven,Diez,R,19910317.0,CAN,175.0
105732,Pierre Hugues,Herbert,R,19910318.0,FRA,188.0
105777,Grigor,Dimitrov,R,19910516.0,BUL,191.0
105806,Mirza,Basic,R,19910712.0,BIH,188.0
105807,Pablo,Carreno Busta,R,19910712.0,ESP,188.0
105815,Tennys,Sandgren,R,19910722.0,USA,188.0
105819,Guido,Andreozzi,R,19910805.0,ARG,183.0
105870,Yannick,Hanfmann,R,19911113.0,GER,193.0
105877,Emilio,Gomez,R,19911128.0,ECU,185.0
105902,James,Duckworth,R,19920121.0,AUS,183.0
105906,Kevin,Krawietz,R,19920124.0,GER,188.0
105911,Andrea,Collarini,L,19920131.0,ARG,183.0
105916,Marton,Fucsovics,R,19920208.0,HUN,188.0
105938,Antoine,Escoffier,R,19920229.0,FRA,185.0
105948,Federico,Coria,R,19920309.0,ARG,180.0
105985,Darian,King,R,19920426.0,BAR,188.0
106000,Damir,Dzumhur,R,19920520.0,BIH,175.0
106005,Constant,Lestienne,R,19920523.0,FRA,180.0
106033,Romain,Arneodo,R,19920804.0,MON,175.0
106034,Yasutaka,Uchiyama,R,19920805.0,JPN,183.0
106043,Diego,Schwartzman,R,19920816.0,ARG,170.0
106045,Denis,Kudla,R,19920817.0,USA,180.0
106072,Alexey,Vatutin,R,19921027.0,RUS,178.0
106075,Jozef,Kovalik,R,19921104.0,SVK,183.0
106078,Egor,Gerasimov,R,19921111.0,BLR,196.0
106085,Hamid,Reza Nadaf,R,19921119.0,IRI,183.0
106109,Alex,Bolt,L,19930105.0,AUS,183.0
106121,Taro,Daniel,R,19930127.0,JPN,191.0
106148,Roberto,Carballes Baena,R,19930323.0,ESP,183.0
106167,Joris,De Loore,R,19930421.0,BEL,191.0
106186,Jason,Kubler,R,19930519.0,AUS,178.0
106187,Denis,Yevseyev,R,19930522.0,KAZ,188.0
106198,Hugo,Dellien,R,19930616.0,BOL,180.0
106210,Jiri,Vesely,L,19930710.0,CZE,198.0
106214,Oscar,Otte,R,19930716.0,GER,193.0
106218,Marcos,Giron,R,19930724.0,USA,180.0
106220,Dimitar,Kuzmanov,R,19930728.0,BUL,183.0
106233,Dominic,Thiem,R,19930903.0,AUT,185.0
106234,Aslan,Karatsev,R,19930904.0,RUS,185.0
106262,Boris,Arias,R,19931109.0,BOL,185.0
106281,Liam,Broady,L,19940104.0,GBR,183.0
106283,Mitchell,Krueger,R,19940112.0,USA,188.0
106296,Gregoire,Barrere,R,19940216.0,FRA,183.0
106298,Lucas,Pouille,R,19940223.0,FRA,185.0
106310,Alexander,Ritschard,R,19940324.0,SUI,193.0
106329,Thiago,Monteiro,L,19940531.0,BRA,183.0
106331,Christopher,Oconnell,R,19940603.0,AUS,183.0
106368,Ramkumar,Ramanathan,R,19941108.0,IND,188.0
106397,Wishaya,Trongcharoenchaikul,R,19950408.0,THA,193.0
106398,Pedro,Cachin,R,19950412.0,ARG,185.0
106415,Yoshihito,Nishioka,L,19950927.0,JPN,170.0
106421,Daniil,Medvedev,R,19960211.0,RUS,198.0
106423,Thanasi,Kokkinakis,R,19960410.0,AUS,193.0
106426,Cristian,Garin,R,19960530.0,CHI,185.0
106432,Borna,Coric,R,19961114.0,CRO,188.0
109303,Stefano,Napolitano,R,19950411.0,ITA,196.0
109734,Skander,Mansouri,R,19950723.0,TUN,193.0
109739,Maximilian,Marterer,L,19950615.0,GER,188.0
110751,Sebastian,Fanselow,R,19911230.0,GER,
111153,Christopher,Eubanks,R,19960505.0,USA,201.0
111190,Zhizhen,Zhang,R,19961016.0,CHN,193.0
111192,Lucas,Miedler,R,19960621.0,AUT,183.0
111200,Elias,Ymer,R,19960410.0,SWE,185.0
111442,Jordan,Thompson,R,19940420.0,AUS,183.0
111454,Li,Tu,R,19960527.0,AUS,183.0
111456,Mackenzie,Mcdonald,R,19950416.0,USA,178.0
111460,Quentin,Halys,R,19961026.0,FRA,191.0
111505,Enzo,Couacaud,R,19950301.0,FRA,183.0
111513,Laslo,Djere,R,19950602.0,SRB,188.0
111575,Karen,Khachanov,R,19960521.0,RUS,198.0
111576,Sumit,Nagal,R,19970816.0,IND,178.0
111581,Michael,Mmoh,R,19980110.0,USA,188.0
111761,Benjamin,Lock,R,19930304.0,ZIM,198.0
111794,Kamil,Majchrzak,R,19960113.0,POL,180.0
111797,Nicolas,Jarry,R,19951011.0,CHI,201.0
111805,Seong Chan,Hong,R,19970630.0,KOR,175.0
111806,Fajing,Sun,R,19961003.0,CHN,178.0
111815,Cameron,Norrie,L,19950823.0,GBR,188.0
117356,Cem,Ilkel,R,19950821.0,TUR,185.0
117357,Omar,Jasika,L,19970518.0,AUS,183.0
117360,Marc,Polmans,R,19970502.0,AUS,188.0
117365,Petros,Chrysochos,R,19960408.0,CYP,185.0
118808,Daniel,Vallejo,R,19840521.0,MEX,
121411,Moez,Echargui,R,19930110.0,TUN,178.0
122078,Dmitry,Popko,R,19961024.0,KAZ,191.0
122298,Botic,Van De Zandschulp,R,19951004.0,NED,191.0
122330,Alexander,Bublik,R,19970617.0,KAZ,196.0
122533,Nam Hoang,Ly,R,19970225.0,VIE,175.0
122554,David,Jorda Sanchis,R,19940614.0,ESP,198.0
122669,Juan Pablo,Varillas,R,19951006.0,PER,185.0
123755,Daniel Elahi,Galan,R,19960618.0,COL,191.0
123795,Altug,Celikbilek,R,19960907.0,TUR,183.0
123809,Ivan,Gakhov,L,19961104.0,RUS,191.0
123828,Jan,Choinski,R,19960610.0,GBR,196.0
123961,Murkel Alejandro,Dellien Velasco,R,19970916.0,BOL,193.0
123983,Nerman,Fatic,R,19941024.0,BIH,191.0
124014,Ernesto,Escobedo,R,19960704.0,MEX,185.0
124079,Pedro,Martinez,R,19970426.0,ESP,185.0
124116,Sebastian,Ofner,R,19960512.0,AUT,191.0
124186,Alexandre,Muller,R,19970201.0,FRA,183.0
124187,Reilly,Opelka,R,19970828.0,USA,211.0
126094,Andrey,Rublev,R,19971020.0,RUS,188.0
126125,Maxime,Janvier,R,19961018.0,FRA,196.0
126127,Benjamin,Bonzi,R,19960609.0,FRA,183.0
126128,Roman,Safiullin,R,19970807.0,RUS,185.0
126129,Billy,Harris,R,19950125.0,GBR,193.0
126177,Strong,Kirchheimer,R,19950426.0,USA,185.0
126203,Taylor,Fritz,R,19971028.0,USA,196.0
126205,Tommy,Paul,R,19970517.0,USA,185.0
126207,Frances,Tiafoe,R,19980120.0,USA,188.0
126214,Alejandro,Tabilo,L,19970602.0,CHI,188.0
126239,Arthur,Rinderknech,R,19950723.0,FRA,196.0
126340,Viktor,Durasovic,R,19970319.0,NOR,185.0
126409,Hugo,Grenier,R,19960323.0,FRA,196.0
126504,Andrea,Pellegrino,R,19970323.0,ITA,185.0
126523,Bernabe,Zapata Miralles,R,19970112.0,ESP,183.0
126535,Carlos,Taberner,R,19970808.0,ESP,183.0
126555,Tung Lin,Wu,R,19980512.0,TPE,188.0
126610,Matteo,Berrettini,R,19960412.0,ITA,196.0
126646,Tim,Van Rijthoven,R,19970424.0,NED,188.0
126762,Aleksandre,Bakshi,L,19970715.0,GEO,180.0
126774,Stefanos,Tsitsipas,R,19980812.0,GRE,193.0
126845,Max,Purcell,R,19980403.0,AUS,185.0
126846,Aleksandar,Vukic,R,19960406.0,AUS,188.0
126939,Khumoun,Sultanov,R,19981027.0,UZB,180.0
126952,Soon Woo,Kwon,R,19971202.0,KOR,180.0
126964,Vitaliy,Sachko,R,19970714.0,UKR,188.0
127157,Daniel,Altmaier,R,19980912.0,GER,188.0
127195,Hamza,Karmoussi,U,,MAR,
127339,Borna,Gojo,R,19980227.0,CRO,196.0
127760,Lukas,Klein,R,19980322.0,SVK,193.0
128034,Hubert,Hurkacz,R,19970211.0,POL,196.0
131905,Manuel,Guinard,R,19951115.0,FRA,198.0
131934,Andrea,Vavassori,R,19950505.0,ITA,193.0
131951,Daniel,Cukierman,R,19950709.0,ISR,
132283,Lorenzo,Sonego,R,19950511.0,ITA,191.0
132374,Jesse,Flores,R,19950331.0,CRC,188.0
132686,Nuno,Borges,R,19970219.0,POR,185.0
133297,Yosuke,Watanuki,R,19980412.0,JPN,180.0
133430,Denis,Shapovalov,L,19990415.0,CAN,185.0
133835,Gijs,Brouwer,L,19960314.0,NED,191.0
133933,Thomas Yaka Kofi,Setodji,R,19951013.0,TOG,183.0
133975,Benjamin,Hassan,R,19950204.0,LBN,183.0
134457,Nicolas,Moreno De Alboran,R,19970714.0,USA,185.0
134770,Casper,Ruud,R,19981222.0,NOR,183.0
134868,Tallon,Griekspoor,R,19960702.0,NED,188.0
136440,Dominik,Koepfer,L,19940429.0,GER,180.0
138846,Hong Kit Jack,Wong,R,19980830.0,HKG,
144642,Tomas,Barrios Vera,R,19971210.0,CHI,191.0
144681,Niki,Kaliyanda Poonacha,R,19950427.0,IND,191.0
144684,Alex,Molcan,L,19971201.0,SVK,178.0
144719,Jaume,Munar,R,19970505.0,ESP,183.0
144747,Courtney John,Lock,R,19961018.0,ZIM,193.0
144748,Kris,Van Wyk,R,19960929.0,RSA,185.0
144750,Lloyd,Harris,R,19970224.0,RSA,193.0
144751,Rigele,Te,R,19971009.0,CHN,188.0
144775,Linh Giang,Trinh,R,19970803.0,VIE,183.0
144814,Eero,Vasa,R,19970201.0,FIN,185.0
144817,Marc Andrea,Huesler,L,19960624.0,SUI,196.0
144826,Aziz,Dougaz,L,19970326.0,TUN,188.0
144869,Tomas Martin,Etcheverry,R,19990718.0,ARG,196.0
144870,Federico Agustin,Gomez,R,19961126.0,ARG,191.0
144895,Corentin,Moutet,L,19990419.0,FRA,180.0
144909,Francisco,Cabral,R,19970108.0,POR,191.0
144927,Siddharth,Vishwakarma,L,19941007.0,IND,191.0
144932,Kristjan,Tamm,R,19980616.0,EST,185.0
144949,Menelaos,Efstathiou,R,19990302.0,CYP,183.0
149282,Nicolai,Budkov Kjaer,R,20060901.0,NOR,188.0
149843,Conor,Gannon,U,20020606.0,IRL,
200000,Felix,Auger Aliassime,R,20000808.0,CAN,193.0
200005,Ugo,Humbert,L,19980626.0,FRA,188.0
200045,Anthony,Susanto,R,19970523.0,INA,
200059,Yibing,Wu,R,19991014.0,CHN,183.0
200075,Yshai,Oliel,L,20000105.0,ISR,188.0
200116,Camilo,Ugo Carabelli,R,19990617.0,ARG,185.0
200175,Miomir,Kecmanovic,R,19990831.0,SRB,183.0
200188,Matteo,Martineau,R,19990116.0,FRA,183.0
200214,Alan Fernando,Rubio Fierros,R,19990203.0,MEX,175.0
200218,Mate,Valkusz,R,19980813.0,HUN,183.0
200221,Alejandro,Davidovich Fokina,R,19990605.0,ESP,183.0
200240,Vit,Kopriva,R,19970615.0,CZE,178.0
200259,Ugo,Blanchet,R,19990105.0,FRA,175.0
200266,Javier,Barranco Cosano,L,19981117.0,ESP,180.0
200267,Zizou,Bergs,R,19990603.0,BEL,185.0
200270,Alex,Knaff,R,19971126.0,LUX,193.0
200273,Hady,Habib,R,19980821.0,LIB,188.0
200277,Charles,Broom,R,19980424.0,GBR,178.0
200279,Osgar,Ohoisin,R,19960903.0,IRL,193.0
200282,Alex,De Minaur,R,19990217.0,AUS,183.0
200303,Pavel,Kotov,R,19981118.0,RUS,191.0
200318,Yu Hsiou,Hsu,R,19990402.0,TPE,178.0
200325,Emil,Ruusuvuori,R,19990402.0,FIN,188.0
200329,Remy,Bertola,R,19980831.0,SUI,175.0
200335,Felipe,Meligeni Alves,R,19980219.0,BRA,185.0
200384,Hugo,Gaston,L,20000926.0,FRA,173.0
200416,August,Holmgren,R,19980422.0,DEN,188.0
200418,Karl,Friberg,R,19990325.0,SWE,191.0
200436,Zsombor,Piros,R,19991013.0,HUN,180.0
200443,Adam,Walton,R,19990417.0,AUS,183.0
200473,Valentin,Vacherot,R,19981116.0,MON,193.0
200484,Rudolf,Molleker,R,20001026.0,GER,188.0
200514,Jurij,Rodionov,L,19990516.0,AUT,191.0
200516,Patrick,Kypson,R,19991028.0,USA,188.0
200550,Vladyslav,Orlov,R,19950517.0,UKR,188.0
200572,Nick,Hardt,R,20000920.0,DOM,185.0
200587,Brandon,Holt,R,19980406.0,USA,185.0
200611,Elliot,Benchetrit,R,19981002.0,MAR,193.0
200615,Alexei,Popyrin,R,19990805.0,AUS,196.0
200624,Sebastian,Korda,R,20000705.0,USA,196.0
200670,J J,Wolf,R,19981221.0,USA,183.0
200672,Sergey,Fomin,R,20010201.0,UZB,180.0
200702,Sina,Moghimi,U,20010727.0,IRI,
200711,Nicolas,Mejia,R,20000211.0,COL,183.0
200748,Andres,Andrade,R,19981214.0,ECU,180.0
202058,Thiago Agustin,Tirante,R,20010410.0,ARG,185.0
202065,Petros,Tsitsipas,R,20000727.0,GRE,185.0
202075,Adria,Soriano Barrera,R,19990602.0,COL,191.0
202103,Francisco,Cerundolo,R,19980813.0,ARG,185.0
202104,Sebastian,Baez,R,20001228.0,ARG,170.0
202120,Rowland,Phillips,R,19940123.0,JAM,
202195,Maxime,Cressy,R,19970508.0,USA,201.0
202260,Henri,Squire,R,20000927.0,GER,196.0
202261,Otto,Virtanen,R,20010621.0,FIN,193.0
202320,Beibit,Zhukayev,R,20001012.0,KAZ,198.0
202358,Chun Hsin,Tseng,R,20010808.0,TPE,175.0
202475,Philip,Henning,R,20001110.0,RSA,
205734,Thiago,Seyboth Wild,R,20000310.0,BRA,185.0
206173,Jannik,Sinner,R,20010816.0,ITA,191.0
206470,Cezar,Cretu,R,20010424.0,ROU,188.0
206499,Aleksandar,Kovacevic,R,19980829.0,USA,183.0
206589,Gabi Adrian,Boitan,R,19990711.0,ROU,185.0
206600,Zura,Tkemaladze,R,20000604.0,GEO,188.0
206681,Fabian,Marozsan,R,19991008.0,HUN,193.0
206703,Paul,Jubb,R,19991031.0,GBR,180.0
206748,Giulio,Zeppieri,L,20011207.0,ITA,183.0
206782,Demetris,Azoides,U,20001009.0,GRE,
206909,Brandon,Nakashima,R,20010803.0,USA,188.0
207129,Yanki,Erel,L,20000925.0,TUR,178.0
207132,Ki Lung,Ng,R,20010801.0,HKG,
207134,Fitriadi,M Rifqi,R,19990123.0,INA,175.0
207182,Emilio,Nava,R,20011202.0,USA,185.0
207213,Duje,Ajdukovic,R,20010205.0,CRO,188.0
207352,Bu,Yunchaokete,R,20020119.0,CHN,185.0
207411,Jesper,De Jong,R,20000531.0,NED,180.0
207494,Dalibor,Svrcina,R,20021002.0,CZE,178.0
207518,Lorenzo,Musetti,R,20020303.0,ITA,185.0
207587,Martins,Rocens,R,20000409.0,LAT,185.0
207608,Timofey,Skatov,R,20010121.0,KAZ,175.0
207660,Nicholas David,Ionel,R,20021012.0,ROU,
207663,Nikolas,Sanchez Izquierdo,R,19990315.0,ESP,185.0
207669,Robert,Strombachs,R,19990915.0,LAT,191.0
207678,Juan Manuel,Cerundolo,L,20011115.0,ARG,183.0
207680,Facundo,Diaz Acosta,L,20001215.0,ARG,183.0
207681,Francisco,Comesana,R,20001006.0,ARG,178.0
207686,Alexander,Shevchenko,R,20001129.0,KAZ,185.0
207733,Jack,Draper,L,20011222.0,GBR,193.0
207788,Thanapet,Chanta,R,19990909.0,THA,
207794,Younes,Lalami Laaroussi,R,20010418.0,MAR,188.0
207830,Tomas,Machac,R,20001013.0,CZE,183.0
207839,Yousaf,Khalil,U,19990401.0,PAK,
207841,Muhammad,Shoaib,U,20020215.0,PAK,
207925,Flavio,Cobolli,R,20020506.0,ITA,183.0
207934,Philip,Hjorth,U,19990304.0,DEN,
207985,Jacob,Fearnley,R,20010715.0,GBR,183.0
207989,Carlos,Alcaraz,R,20030505.0,ESP,183.0
208004,Harold,Mayot,R,20020204.0,FRA,180.0
208010,Pablo,Llamas Ruiz,R,20021013.0,ESP,188.0
208013,Dane,Sweeny,R,20010212.0,AUS,170.0
208014,Rinky,Hijikata,R,20010223.0,AUS,178.0
208021,Kyrian,Jacquet,R,20010511.0,FRA,178.0
208029,Holger,Rune,R,20030429.0,DEN,188.0
208055,Ajeet,Rai,R,19990118.0,NZL,188.0
208071,Oleksii,Krutykh,R,20000310.0,UKR,185.0
208103,Jiri,Lehecka,R,20011108.0,CZE,185.0
208117,Adam,Neff,R,20010530.0,USA,183.0
208118,Eliot,Spizzirri,R,20011223.0,USA,183.0
208134,Luca,Nardi,R,20030806.0,ITA,185.0
208144,Giles,Hussey,L,19970526.0,GBR,185.0
208169,Titouan,Droguet,R,20010615.0,FRA,191.0
208182,Saba,Purtseladze,R,20010820.0,GEO,191.0
208210,Chris,Rodesch,R,20010718.0,LUX,198.0
208223,Alvaro,Guillen Meza,R,20030102.0,ECU,175.0
208230,Alibek,Kachmazov,R,20020817.0,RUS,185.0
208233,Mattia,Bellucci,L,20010601.0,ITA,175.0
208260,Zachary,Svajda,R,20021129.0,USA,175.0
208278,Shintaro,Mochizuki,R,20030602.0,JPN,175.0
208279,Alejandro,Moro Canas,R,20001207.0,ESP,183.0
208286,Matteo,Arnaldi,R,20010222.0,ITA,185.0
208293,Gonzalo,Bueno,R,20040403.0,PER,173.0
208300,Omni,Kumar,L,20011010.0,USA,173.0
208361,Gustavo,Heide,R,20020228.0,BRA,191.0
208363,Mariano,Navone,R,20010227.0,ARG,178.0
208364,Franco,Roncadelli,L,20000206.0,URU,185.0
208485,Kiranpal,Pannu,R,19970107.0,NZL,185.0
208502,Dominic,Stricker,L,20020816.0,SUI,183.0
208597,Chak Lam Coleman,Wong,R,20040606.0,HKG,
208659,Giovanni,Mpetshi Perricard,R,20030708.0,FRA,203.0
208819,Max Hans,Rehberg,R,20030913.0,GER,183.0
208843,Jerome,Kym,R,20030212.0,SUI,198.0
208852,Stefanos,Sakellaridis,R,20040913.0,GRE,196.0
208859,Francesco,Passaro,R,20010107.0,ITA,180.0
208882,Roman Andres,Burruchaga,R,20020123.0,ARG,183.0
209070,Arthur,Cazaux,R,20020823.0,FRA,183.0
209080,Blaise,Bicknell,R,20011126.0,JAM,191.0
209098,Hamad,Medjedovic,R,20030718.0,SRB,188.0
209113,Gabriel,Diallo,R,20010924.0,CAN,203.0
209120,Yassine,Dlimi,R,20030505.0,MAR,191.0
209147,Vilius,Gaubas,R,20041229.0,LTU,178.0
209191,Oleksandr,Ovcharenko,R,20011017.0,UKR,185.0
209209,Filip,Misolic,R,20010808.0,AUT,180.0
209225,Martin Antonio,Vergara Del Puerto,U,20040421.0,PAR,
209259,Arthur,Fery,R,20020712.0,GBR,175.0
209260,Luciano,Darderi,R,20020214.0,ITA,183.0
209262,Tristan,Schoolkate,R,20010226.0,AUS,183.0
209263,Matteo,Gigante,L,20020104.0,ITA,180.0
209278,Alec,Beckley,R,20010618.0,RSA,183.0
209279,Terence,Atmane,L,20020109.0,FRA,193.0
209284,Elmer,Moller,R,20030709.0,DEN,183.0
209294,Diego,Duran,U,,ESA,
209318,Petr,Nesterov,R,20030307.0,BUL,
209354,Ioannis,Xilas,U,20010512.0,GRE,
209362,Aristotelis,Thanos,R,20010407.0,GRE,
209403,Faris,Zakaryia,R,20010513.0,EGY,185.0
209405,Daniel,Rincon,L,20030107.0,ESP,185.0
209406,Abedallah,Shelbayh,L,20031116.0,JOR,180.0
209409,Coleman,Wong,R,20040606.0,HKG,191.0
209414,Luca,Van Assche,R,20040511.0,FRA,178.0
209857,Leandro,Riedi,R,20020127.0,SUI,191.0
209860,Ignacio,Buse,R,20040325.0,PER,185.0
209863,Leo,Borg,R,20030515.0,SWE,183.0
209868,Kaipo,Marshall,R,20020321.0,BAR,
209869,Rodrigo,Crespo Piedra,R,20010531.0,CRC,
209871,Amr Elsayed Abdou Ahmed,Mohamed,R,19990304.0,EGY,185.0
209874,Maks,Kasnikowski,R,20030706.0,POL,180.0
209890,Mili,Poljicak,R,20040713.0,CRO,185.0
209903,Lukas,Neumayer,R,20020906.0,AUT,183.0
209907,Viacheslav,Bielinskyi,R,20031202.0,UKR,71.0
209916,Marko,Topo,R,20030913.0,GER,185.0
209920,Raphael,Collignon,R,20020113.0,BEL,191.0
209931,Lukas,Pokorny,R,20020228.0,SVK,191.0
209943,Ilya,Snitari,R,20020320.0,MDA,188.0
209950,Arthur,Fils,R,20040612.0,FRA,185.0
209964,Liova Ayite,Ajavon,U,19990617.0,TGO,
209971,Michael,Bassem Sobhy,R,20040507.0,EGY,
209976,Dino,Prizmic,R,20050805.0,CRO,188.0
209992,Juncheng,Shang,L,20050202.0,CHN,180.0
210012,Henrique,Rocha,R,20040406.0,POR,180.0
210025,Branko,Djuric,R,20050210.0,SRB,188.0
210039,Orel,Kimhi,R,20030819.0,ISR,173.0
210053,Luka,Mikrut,R,20040416.0,CRO,188.0
210097,Ben,Shelton,L,20021009.0,USA,193.0
210105,Martyn,Pawelski,R,20041107.0,POL,196.0
210119,Andrej,Nedic,R,20041016.0,BIH,185.0
210136,Mark,Lajal,R,20030512.0,EST,191.0
210150,Jakub,Mensik,R,20050901.0,CZE,193.0
210178,Juan Carlos,Prado Angelo,R,20050306.0,BOL,185.0
210200,Yanaki,Milev,R,20040415.0,BUL,180.0
210202,Rodrigo,Pacheco Mendez,L,20050425.0,MEX,188.0
210220,Edas,Butvilas,R,20040723.0,LTU,191.0
210249,Gillian,Osmont,R,20030513.0,FRA,
210262,Jaime,Faria,R,20030806.0,POR,188.0
210274,Sebastian,Dominko,L,20030513.0,SLO,203.0
210308,Stylianos,Christodoulou,U,20041104.0,CYP,
210312,Oliver,Ojakaar,R,20050210.0,EST,191.0
210317,James,Mccabe,R,20030705.0,AUS,188.0
210319,Ethan,Quinn,R,20040312.0,USA,191.0
210382,Maximus,Jones,R,20040905.0,THA,185.0
210460,Nishesh,Basavareddy,R,20050502.0,USA,180.0
210464,Darwin,Blanch,L,20070928.0,USA,185.0
210494,Theo,Papamalamis,R,20060109.0,FRA,183.0
210506,Alex,Michelsen,R,20040825.0,USA,193.0
210530,Learner,Tien,L,20051202.0,USA,180.0
210535,Maxim,Shin,R,20030604.0,UZB,191.0
210686,Michael,Agwi,R,20030904.0,IRL,193.0
210696,Alexander,Blockx,R,20050408.0,BEL,191.0
210721,Iliyan,Radulov,R,20050611.0,BUL,187.0
210753,Matic,Kriznik,L,20050903.0,SLO,
211346,Andres,Martin,R,20010707.0,USA,183.0
211451,Gilles Arnaud,Bailly,R,20050919.0,BEL,180.0
211514,Justin,Engel,U,20071001.0,GER,
211570,Cesar,Cruz,U,20060911.0,ESA,
211571,Daniels,Tens,U,20050905.0,LAT,
211638,Jack,Loutit,L,20040623.0,NZL,
211663,Joao,Fonseca,R,20060821.0,BRA,185.0
211902,Henry,Searle,L,20060329.0,GBR,193.0
212021,Martin,Landaluce,R,20060108.0,ESP,191.0
212044,Yi,Zhou,R,20050314.0,CHN,193.0
212051,Joaquin ,Aguilar Cardozo ,U,20050408.0,URU,
212063,Matej,Dodig,R,20050719.0,CRO,188.0
212082,Joel,Schwaerzler,L,20060127.0,AUT,188.0
212203,Luca,Preda,U,20060319.0,ROU,
212717,Davis,Rolis,U,20050126.0,LAT,
212718,Heve,Kelley,U,19970329.0,POC,
212719,Matavao,Fanguna,U,19961019.0,POC,
212720,Juan Carlos,Fuentes Vasquez,U,20050917.0,ESA,
212721,Benedict,Badza,U,20050519.0,ZIM,
212722,Kwok Shun Dasson,Chan,U,20050716.0,HKG,
212733,Matthew,Forbes,U,20060406.0,USA,
212866,Marcos Lee,Chan Baratau,U,20051115.0,ECU,
212970,Jack,Cheng,U,20081228.0,HKG,
